SET SQL_MODE = "NO_AUTO_VALUE_ON_ZERO";
START TRANSACTION;
SET time_zone = "+00:00";

CREATE TABLE all_tracks(
    id int NOT NULL AUTO_INCREMENT,
    track_name varchar(100) NOT NULL,
    track_artist varchar(100) NOT NULL,
    track_album varchar(100) NOT NULL,
    audio_path varchar(100) NOT NULL,
    image_path varchar(100) NOT NULL,
    date_created datetime NOT NULL DEFAULT current_timestamp(),
    PRIMARY KEY(id)
) ENGINE=InnoDB DEFAULT CHARSET=utf8mb4;

INSERT INTO all_tracks(track_name, track_artist, track_album, audio_path, image_path) VALUES
("Aathi", "Anirudh Ravichander", "Kaththi", "music/Aathi.mp3", "images/kaththi.webp"), 
("Aila Aila", "A.R.Rahman", "I", "music/Aila-Aila.mp3", "images/i-movie.webp"), 
("Anbenum", "Anirudh Ravichander", "Leo", "music/Anbenum-MassTamilan.dev.mp3", "images/leo-tamil-2023-i-m-scared.webp"), 
("Andangkaka", "Harris Jayaraj", "Anniyan", "music/Andangkaka.mp3", "images/anniyan-2005.webp"), 
("Andha Kanna Paathaakaa", "Anirudh Ravichander", "Master", "music/Andha-Kanna-Paathaakaa-MassTamilan.io.mp3", "images/master-a tamil-2021.webp"),
("Arabic Kuthu", "Anirudh Ravichander", "Beast", "music/Arabic-Kuthu---Halamithi-Habibo-MassTamilan.so.mp3", "images/beast-tamil-2022.webp");

INSERT INTO all_tracks(track_name, track_artist, track_album, audio_path, image_path) VALUES
("Best Of 2017", "Playlist", " ", " ", "images/playlist 4.jpg"), 
("Rewind Hits 2022", "Playlist", " ", " ", "images/playlist 3.jpg");

INSERT INTO all_tracks(track_name, track_artist, track_album, audio_path, image_path) VALUES
("Arima Arima", "A.R.Rahman", "Endhiran", "music/Arima-Arima.mp3", "images/endhiran-2010.webp"), 
("Bad Eyes", "Anirudh Ravichander", "Kaththi", "music/Bad-Eyes-Villain-Theme.mp3", "images/kaththi.webp"), 
("Badass", "Anirudh Ravichander", "Leo", "music/Badass-MassTamilan.dev.mp3", "images/leo-tamil-2023-i-m-scared.webp"), 
("Beast Announcement Theme", "Anirudh Ravichander", "Beast", "music/Beast-Announcement-Theme-MassTamilan.so.mp3", "images/beast-tamil-2022.webp"), 
("Beast Mode", "Anirudh Ravichander", "Beast", "music/Beast-Mode-MassTamilan.so.mp3", "images/beast-tamil-2022.webp"), 
("Beat of Master (Instrumental)", "Anirudh Ravichander", "Master", "music/Beat-of-Master-(Instrumental)-MassTamilan.io.mp3", "images/master-a tamil-2021.webp"), 
("Bhavani Theme", "Anirudh Ravichander", "Master OST (Original Background Scores)", "music/Bhavani-Theme-MassTamilan.io.mp3", "images/master-a tamil-2021.webp"), 
("Big Bad Beast", "Anirudh Ravichander", "Beast BGM (Original Background Score)", "music/Big-Bad-Beast-MassTamilan.dev.mp3", "images/beast-tamil-2022.webp"), 
("Bigil Bigil Bigiluma", "A.R.Rahman", "Bigil", "music/Bigil-Bigil-Bigiluma-MassTamilan.io.mp3", "images/bigil-2019.webp"), 
("Bloody Sweet", "Anirudh Ravichander", "Leo", "music/Bloody-Sweet-MassTamilan.dev.mp3", "images/leo-tamil-2023-i-m-scared.webp"), 
("Boom Boom Robo Da", "A.R.Rahman", "Endhiran", "music/Boom-Boom-Robo-Da.mp3", "images/endhiran-2010.webp"), 
("Bucket List", "Anirudh Ravichander", "Master OST (Original Background Scores)", "music/Bucket-List-MassTamilan.io.mp3", "images/master-a tamil-2021.webp"), 
("Can You Dance", "Anirudh Ravichander", "Beast BGM (Original Background Score)", "music/Can-You-Dance-MassTamilan.dev.mp3", "images/beast-tamil-2022.webp"), 
("Chakka Chakalathi", "A.R.Rahman", "Galatta Kalyaanam", "music/Chakka-Chakalathi-MassTamilan.fm.mp3", "images/galatta-kalyaanam-tamil-2021.webp"), 
("Chellamma", "Anirudh Ravichander", "Doctor", "music/Chellamma-MassTamilan.fm.mp3", "images/doctor-tamil-2021.webp"), 
("Chitti Dance Showcase", "A.R.Rahman", "Endhiran", "music/Chitti-Dance-Showcase.mp3", "images/endhiran-2010.webp"), 
("Chumma Kizhi", "Anirudh Ravichander", "Darbar", "music/Chumma-Kizhi-MassTamilan.io.mp3", "images/darbar-2019.webp"), 
("College Election", "Anirudh Ravichander", "Master OST (Original Background Scores)", "music/College-Election-MassTamilan.io.mp3", "images/master-a tamil-2021.webp"),
("College Fight", "Anirudh Ravichander", "Master OST (Original Background Scores)", "music/College-Fight-MassTamilan.io.mp3", "images/master-a tamil-2021.webp"), 
("Come Closer (Sirikkadhey Reprise)", "Anirudh Ravichander", "Remo", "music/Come-Closer-Sirikkadhey-Reprise.mp3", "images/remo-special-bgm-addi-song-2016.webp"), 
("Cucumba", "Anirudh Ravichander", "Beast BGM (Original Background Score)", "music/Cucumba-MassTamilan.dev.mp3", "images/beast-tamil-2022.webp"),
("Daavuya", "Anirudh Ravichander", "Remo", "music/Daavuya.mp3", "images/remo-special-bgm-addi-song-2016.webp"),
("Disguise", "Anirudh Ravichander", "Beast BGM (Original Background Score)", "music/Disguise-MassTamilan.dev.mp3", "images/beast-tamil-2022.webp"),
("Dominic", "Anirudh Ravichander", "Beast BGM (Original Background Score)", "music/Dominic-&-Soldiers-MassTamilan.dev.mp3", "images/beast-tamil-2022.webp"),      
("Dumm Dumm", "Anirudh Ravichander", "Darbar", "music/Dumm-Dumm-MassTamilan.io.mp3", "images/darbar-2019.webp"),
("Ennodu Nee Irundhal (Reprise)", "A.R.Rahman", "I", "music/Ennodu-Nee-Irundhal-Reprise.mp3", "images/i-movie.webp"),
("Ennodu Nee Irundhal", "A.R.Rahman", "I", "music/Ennodu-Nee-Irundhal.mp3", "images/i-movie.webp"),
("Glimpse of Antony Das", "Anirudh Ravichander", "Leo", "music/Glimpse-of-Antony-Das-MassTamilan.dev.mp3", "images/leo-tamil-2023-i-m-scared.webp"),
("Glimpse of Harold Das", "Anirudh Ravichander", "Leo", "music/Glimpse-of-Harold-Das-MassTamilan.dev.mp3", "images/leo-tamil-2023-i-m-scared.webp"),
("Hey Raja (Oh Supernova)", "Harris Jayaraj", "Ayan", "music/Hey-Raja-Oh-Supernova.mp3", "images/ayan.webp"),
("Hi Sonna Pothum", "Hiphop Tamizha", "Comali", "music/Hi-Sonna-Pothum-MassTamilan.org.mp3", "images/comali-2019.webp"),
("Hijacked", "Anirudh Ravichander", "Beast BGM (Original Background Score)", "music/Hijacked-MassTamilan.dev.mp3", "images/beast-tamil-2022.webp"),
("Honey Honey", "Harris Jayaraj", "Ayan", "music/Honey-Honey.mp3", "images/ayan.webp"),
("Hukum", "Anirudh Ravichander", "Jailer", "music/Hukum---Thalaivar-Alappara-MassTamilan.dev.mp3", "images/jailer-tamil-2023.webp"),
("I", "Anirudh Ravichander", "Leo (Additional Songs)", "music/I'm-Scared-MassTamilan.dev.mp3", "images/leo-tamil-2023-i-m-scared.webp"),
("I", "Anirudh Ravichander", "Master OST (Original Background Scores)", "music/I'm-Waiting-MassTamilan.io.mp3", "images/master-a tamil-2021.webp"),
("Idharkuthaan", "A.R.Rahman", "Bigil", "music/Idharkuthaan-MassTamilan.io.mp3", "images/bigil-2019.webp"),
("Idhudhaan En Kadhai", "A.R.Rahman", "Galatta Kalyaanam", "music/Idhudhaan-En-Kadhai-MassTamilan.fm.mp3", "images/galatta-kalyaanam-tamil-2021.webp"),
("Interval Fight", "Anirudh Ravichander", "Master OST (Original Background Scores)", "music/Interval-Fight-MassTamilan.io.mp3", "images/master-a tamil-2021.webp"),
("Intro Fight", "Anirudh Ravichander", "Beast BGM (Original Background Score)", "music/Intro-Fight-MassTamilan.dev.mp3", "images/beast-tamil-2022.webp"),
("Irumbile Oru Idhaiyam", "A.R.Rahman", "Endhiran", "music/Irumbile-Oru-Idhaiyam.mp3", "images/endhiran-2010.webp"),
("Iyengaaru Veetu Azhage", "Harris Jayaraj", "Anniyan", "music/Iyengaaru-Veetu-Azhage.mp3", "images/anniyan-2005.webp"),
("Jail Chaos", "Anirudh Ravichander", "Master OST (Original Background Scores)", "music/Jail-Chaos-MassTamilan.io.mp3", "images/master-a tamil-2021.webp"),       
("Jailer Theme (Instrumental)", "Anirudh Ravichander", "Jailer", "music/Jailer-Theme-(Instrumental)-MassTamilan.dev.mp3", "images/jailer-tamil-2023.webp"),       
("JD Badass Theme", "Anirudh Ravichander", "Master OST (Original Background Scores)", "music/JD-Badass-Theme-MassTamilan.io.mp3", "images/master-a tamil-2021.webp"),
("JD Intro", "Anirudh Ravichander", "Master OST (Original Background Scores)", "music/JD-Intro-MassTamilan.io.mp3", "images/master-a tamil-2021.webp"),
("JD The Alcoholic", "Anirudh Ravichander", "Master OST (Original Background Scores)", "music/JD-The-Alcoholic-MassTamilan.io.mp3", "images/master-a tamil-2021.webp"),
("JD vs Bhavani", "Anirudh Ravichander", "Master OST (Original Background Scores)", "music/JD-vs-Bhavani-MassTamilan.io.mp3", "images/master-a tamil-2021.webp"), 
("Jolly O Gymkhana", "Anirudh Ravichander", "Beast", "music/Jolly-O-Gymkhana-MassTamilan.so.mp3", "images/beast-tamil-2022.webp"),
("Kaadhal Yaanai", "Harris Jayaraj", "Anniyan", "music/Kaadhal-Yaanai.mp3", "images/anniyan-2005.webp"),
("Kaadhalai Solla Mudiyatha", "A.R.Rahman", "Galatta Kalyaanam", "music/Kaadhalai-Solla-Mudiyatha-MassTamilan.fm.mp3", "images/galatta-kalyaanam-tamil-2021.webp"),
("Kaalame", "A.R.Rahman", "Bigil", "music/Kaalame-MassTamilan.io.mp3", "images/bigil-2019.webp"),
("Kadal Anukkal", "A.R.Rahman", "Endhiran", "music/Kadal-Anukkal.mp3", "images/endhiran-2010.webp"),
("Kannula Thimiru", "Anirudh Ravichander", "Darbar", "music/Kannula-Thimiru-MassTamilan.io.mp3", "images/darbar-2019.webp"),
("Kannum Kannum Nokia", "Harris Jayaraj", "Anniyan", "music/Kannum-Kannum-Nokia.mp3", "images/anniyan-2005.webp"),
("Kaththi Theme", "Anirudh Ravichander", "Kaththi", "music/Kaththi-Theme-The-Sword-Of-Destiny.mp3", "images/kaththi.webp"),
("Kilimanjaro", "A.R.Rahman", "Endhiran", "music/Kilimanjaro.mp3", "images/endhiran-2010.webp"),
("Kutti Story", "Anirudh Ravichander", "Master", "music/Kutti-Story-MassTamilan.io.mp3", "images/master-a tamil-2021.webp"),
("Ladio", "A.R.Rahman", "I", "music/Ladio.mp3", "images/i-movie.webp"),
("Little Little", "A.R.Rahman", "Galatta Kalyaanam", "music/Little-Little-MassTamilan.fm.mp3", "images/galatta-kalyaanam-tamil-2021.webp"),
("Lokiverse", "Anirudh Ravichander", "Leo", "music/Lokiverse-2.0-MassTamilan.dev.mp3", "images/leo-tamil-2023-i-m-scared.webp"),
("Maathare", "A.R.Rahman", "Bigil", "music/Maathare-MassTamilan.io.mp3", "images/bigil-2019.webp"),
("Mannaarkudi", "A.R.Rahman", "Galatta Kalyaanam", "music/Mannaarkudi-MassTamilan.fm.mp3", "images/galatta-kalyaanam-tamil-2021.webp"),
("Master The Blaster", "Anirudh Ravichander", "Master OST (Original Background Scores)", "music/Master-the-Blaster-MassTamilan.io.mp3", "images/master-a tamil-2021.webp"),
("Meesa Beauty", "Anirudh Ravichander", "Remo", "music/Meesa-Beauty.mp3", "images/remo-special-bgm-addi-song-2016.webp"),
("Mersalayitten (Remix)", "A.R.Rahman", "I", "music/Mersalayitten-Remix.mp3", "images/i-movie.webp"),
("Mersalayitten", "A.R.Rahman", "I", "music/Mersalayitten.mp3", "images/i-movie.webp"),
("Missile Launch", "Anirudh Ravichander", "Beast BGM (Original Background Score)", "music/Missile-Launch-MassTamilan.dev.mp3", "images/beast-tamil-2022.webp"),   
("Murali Mogha", "A.R.Rahman", "Galatta Kalyaanam", "music/Murali-Mogha-MassTamilan.fm.mp3", "images/galatta-kalyaanam-tamil-2021.webp"),
("Naa Ready", "Anirudh Ravichander", "Leo", "music/Naa-Ready-MassTamilan.dev.mp3", "images/leo-tamil-2023-i-m-scared.webp"),
("Nanba Nanba", "Hiphop Tamizha", "Comali", "music/Nanba-Nanba-MassTamilan.org.mp3", "images/comali-2019.webp"),
("Nee Yaaro", "Anirudh Ravichander", "Kaththi", "music/Nee-Yaaro.mp3", "images/kaththi.webp"),
("Nenjame", "Anirudh Ravichander", "Doctor", "music/Nenjame-MassTamilan.fm.mp3", "images/doctor-tamil-2021.webp"),
("Nenje Nenje", "Harris Jayaraj", "Ayan", "music/Nenje-Nenje.mp3", "images/ayan.webp"),
("Oh Sukumari", "Harris Jayaraj", "Anniyan", "music/Oh-Sukumari.mp3", "images/anniyan-2005.webp"),
("Oliyum Oliyum", "Hiphop Tamizha", "Comali", "music/Oliyum-Oliyum-MassTamilan.org.mp3", "images/comali-2019.webp"),
("Once Upon a Time", "Anirudh Ravichander", "Vikram", "music/Once-Upon-a-Time-MassTamilan.so.mp3", "images/vikram-tamil-2022.webp"),
("Ordinary Person", "Anirudh Ravichander", "Leo (Additional Songs)", "music/Ordinary-Person-MassTamilan.dev.mp3", "images/leo-tamil-2023-i-m-scared.webp"),       
("Oru Kutti Katha", "Anirudh Ravichander", "Master", "music/Oru-Kutti-Katha-MassTamilan.io.mp3", "images/master-a tamil-2021.webp"),
("Oyaayiye Yaayiye", "Harris Jayaraj", "Ayan", "music/Oyaayiye-Yaayiye.mp3", "images/ayan.webp"),
("Paalam", "Anirudh Ravichander", "Kaththi", "music/Paalam.mp3", "images/kaththi.webp"),
("Paisa Note", "Hiphop Tamizha", "Comali", "music/Paisa-Note-MassTamilan.org.mp3", "images/comali-2019.webp"),
("Pakkam Vanthu", "Anirudh Ravichander", "Kaththi", "music/Pakkam-Vanthu.mp3", "images/kaththi.webp"),
("Pala Palakura", "Harris Jayaraj", "Ayan", "music/Pala-Palakura.mp3", "images/ayan.webp"),
("Pathala Pathala", "Anirudh Ravichander", "Vikram", "music/Pathala-Pathala-MassTamilan.so.mp3", "images/vikram-tamil-2022.webp"),
("Polakatum Para Para", "Anirudh Ravichander", "Master", "music/Polakatum-Para-Para-MassTamilan.io.mp3", "images/master-a tamil-2021.webp"),
("Pona Pogattum", "Anirudh Ravichander", "Master", "music/Pona-Pogattum-MassTamilan.io.mp3", "images/master-a tamil-2021.webp"),
("Pona Pogattum Sad", "Anirudh Ravichander", "Master OST (Original Background Scores)", "music/Pona-Pogattum-Sad-MassTamilan.io.mp3", "images/master-a tamil-2021.webp"),
("Pooja Hegde Announcement Theme", "Anirudh Ravichander", "Beast", "music/Pooja-Hegde-Announcement-Theme-MassTamilan.so.mp3", "images/beast-tamil-2022.webp"),    
("Pookkale Satru", "A.R.Rahman", "I", "music/Pookkale-Satru.mp3", "images/i-movie.webp"),
("Porkanda Singam", "Anirudh Ravichander", "Vikram", "music/Porkanda-Singam-MassTamilan.so.mp3", "images/vikram-tamil-2022.webp"),
("Puthiya Manidha", "A.R.Rahman", "Endhiran", "music/Puthiya-Manidha.mp3", "images/endhiran-2010.webp"),
("Quit Pannuda", "Anirudh Ravichander", "Master", "music/Quit-Pannuda-MassTamilan.io.mp3", "images/master-a tamil-2021.webp"),
("Remo Nee Kadhalan", "Anirudh Ravichander", "Remo", "music/Remo-Nee-Kadhalan.mp3", "images/remo-special-bgm-addi-song-2016.webp"),
("Reverse Hijack", "Anirudh Ravichander", "Beast BGM (Original Background Score)", "music/Reverse-Hijack-MassTamilan.dev.mp3", "images/beast-tamil-2022.webp"),   
("Rise of Veera", "Anirudh Ravichander", "Beast BGM (Original Background Score)", "music/Rise-of-Veera-MassTamilan.dev.mp3", "images/beast-tamil-2022.webp"),     
("Selfie Pulla", "Anirudh Ravichander", "Kaththi", "music/Selfie-Pulla.mp3", "images/kaththi.webp"),
("Senjitaley", "Anirudh Ravichander", "Remo", "music/Senjitaley.mp3", "images/remo-special-bgm-addi-song-2016.webp"),
("Singappenney", "A.R.Rahman", "Bigil", "music/Singappenney-MassTamilan.io.mp3", "images/bigil-2019.webp"),
("Sirikkadhey", "Anirudh Ravichander", "Remo", "music/Sirikkadhey.mp3", "images/remo-special-bgm-addi-song-2016.webp"),
("So Baby", "Anirudh Ravichander", "Doctor", "music/So-Baby-MassTamilan.fm.mp3", "images/doctor-tamil-2021.webp"),
("Sooraavali Ponnu", "A.R.Rahman", "Galatta Kalyaanam", "music/Sooraavali-Ponnu-MassTamilan.fm.mp3", "images/galatta-kalyaanam-tamil-2021.webp"),
("Soul of Doctor (Theme)", "Anirudh Ravichander", "Doctor", "music/Soul-of-Doctor-(Theme)-MassTamilan.fm.mp3", "images/doctor-tamil-2021.webp"),
("Tamilselvi", "Anirudh Ravichander", "Remo", "music/Tamilselvi.mp3", "images/remo-special-bgm-addi-song-2016.webp"),
("Thalaivar Theme", "Anirudh Ravichander", "Darbar", "music/Thalaivar-Theme-MassTamilan.io.mp3", "images/darbar-2019.webp"),
("Thani Vazhi", "Anirudh Ravichander", "Darbar", "music/Thani-Vazhi-MassTamilan.io.mp3", "images/darbar-2019.webp"),
("Tharam Maara Single", "Anirudh Ravichander", "Darbar", "music/Tharam-Maara-Single-MassTamilan.io.mp3", "images/darbar-2019.webp"),
("The Child", "Anirudh Ravichander", "Beast BGM (Original Background Score)", "music/The-Child-MassTamilan.dev.mp3", "images/beast-tamil-2022.webp"),
("The Letter", "Anirudh Ravichander", "Master OST (Original Background Scores)", "music/The-Letter-MassTamilan.io.mp3", "images/master-a tamil-2021.webp"),       
("The Plan is ON", "Anirudh Ravichander", "Beast BGM (Original Background Score)", "music/The-Plan-is-ON-MassTamilan.dev.mp3", "images/beast-tamil-2022.webp"),   
("The Raw Agent", "Anirudh Ravichander", "Beast BGM (Original Background Score)", "music/The-Raw-Agent-MassTamilan.dev.mp3", "images/beast-tamil-2022.webp"),     
("Theme Music", "Harris Jayaraj", "Anniyan", "music/Theme-Music.mp3", "images/anniyan-2005.webp");

CREATE TABLE playlist_1(
    id int NOT NULL AUTO_INCREMENT,
    track_name varchar(100) NOT NULL,
    track_artist varchar(100) NOT NULL,
    track_album varchar(100) NOT NULL,
    audio_path varchar(100) NOT NULL,
    image_path varchar(100) NOT NULL,
    date_created datetime NOT NULL DEFAULT current_timestamp(),
    PRIMARY KEY(id)
) ENGINE=InnoDB DEFAULT CHARSET=utf8mb4;
CREATE TABLE playlist_2(
    id int NOT NULL AUTO_INCREMENT,
    track_name varchar(100) NOT NULL,
    track_artist varchar(100) NOT NULL,
    track_album varchar(100) NOT NULL,
    audio_path varchar(100) NOT NULL,
    image_path varchar(100) NOT NULL,
    date_created datetime NOT NULL DEFAULT current_timestamp(),
    PRIMARY KEY(id)
) ENGINE=InnoDB DEFAULT CHARSET=utf8mb4;

INSERT INTO playlist_1(track_name, track_artist, track_album, audio_path, image_path) VALUES
("Arima Arima", "A.R.Rahman", "Endhiran", "music/Arima-Arima.mp3", "images/endhiran-2010.webp"), 
("Bad Eyes", "Anirudh Ravichander", "Kaththi", "music/Bad-Eyes-Villain-Theme.mp3", "images/kaththi.webp"), 
("Badass", "Anirudh Ravichander", "Leo", "music/Badass-MassTamilan.dev.mp3", "images/leo-tamil-2023-i-m-scared.webp"), 
("Beast Announcement Theme", "Anirudh Ravichander", "Beast", "music/Beast-Announcement-Theme-MassTamilan.so.mp3", "images/beast-tamil-2022.webp"), 
("Beast Mode", "Anirudh Ravichander", "Beast", "music/Beast-Mode-MassTamilan.so.mp3", "images/beast-tamil-2022.webp"), 
("Beat of Master (Instrumental)", "Anirudh Ravichander", "Master", "music/Beat-of-Master-(Instrumental)-MassTamilan.io.mp3", "images/master-a tamil-2021.webp"), 
("Bhavani Theme", "Anirudh Ravichander", "Master OST (Original Background Scores)", "music/Bhavani-Theme-MassTamilan.io.mp3", "images/master-a tamil-2021.webp"), 
("Big Bad Beast", "Anirudh Ravichander", "Beast BGM (Original Background Score)", "music/Big-Bad-Beast-MassTamilan.dev.mp3", "images/beast-tamil-2022.webp"), 
("Bigil Bigil Bigiluma", "A.R.Rahman", "Bigil", "music/Bigil-Bigil-Bigiluma-MassTamilan.io.mp3", "images/bigil-2019.webp"), 
("Bloody Sweet", "Anirudh Ravichander", "Leo", "music/Bloody-Sweet-MassTamilan.dev.mp3", "images/leo-tamil-2023-i-m-scared.webp"), 
("Boom Boom Robo Da", "A.R.Rahman", "Endhiran", "music/Boom-Boom-Robo-Da.mp3", "images/endhiran-2010.webp"), 
("Bucket List", "Anirudh Ravichander", "Master OST (Original Background Scores)", "music/Bucket-List-MassTamilan.io.mp3", "images/master-a tamil-2021.webp"),
("Can You Dance", "Anirudh Ravichander", "Beast BGM (Original Background Score)", "music/Can-You-Dance-MassTamilan.dev.mp3", "images/beast-tamil-2022.webp"),
("Chakka Chakalathi", "A.R.Rahman", "Galatta Kalyaanam", "music/Chakka-Chakalathi-MassTamilan.fm.mp3", "images/galatta-kalyaanam-tamil-2021.webp"),
("Chellamma", "Anirudh Ravichander", "Doctor", "music/Chellamma-MassTamilan.fm.mp3", "images/doctor-tamil-2021.webp"),
("Chitti Dance Showcase", "A.R.Rahman", "Endhiran", "music/Chitti-Dance-Showcase.mp3", "images/endhiran-2010.webp"),
("Chumma Kizhi", "Anirudh Ravichander", "Darbar", "music/Chumma-Kizhi-MassTamilan.io.mp3", "images/darbar-2019.webp"),
("College Election", "Anirudh Ravichander", "Master OST (Original Background Scores)", "music/College-Election-MassTamilan.io.mp3", "images/master-a tamil-2021.webp"),
("College Fight", "Anirudh Ravichander", "Master OST (Original Background Scores)", "music/College-Fight-MassTamilan.io.mp3", "images/master-a tamil-2021.webp"),
("Come Closer (Sirikkadhey Reprise)", "Anirudh Ravichander", "Remo", "music/Come-Closer-Sirikkadhey-Reprise.mp3", "images/remo-special-bgm-addi-song-2016.webp");

INSERT INTO playlist_2(track_name, track_artist, track_album, audio_path, image_path) VALUES
("Cucumba", "Anirudh Ravichander", "Beast BGM (Original Background Score)", "music/Cucumba-MassTamilan.dev.mp3", "images/beast-tamil-2022.webp"), 
("Daavuya", "Anirudh Ravichander", "Remo", "music/Daavuya.mp3", "images/remo-special-bgm-addi-song-2016.webp"), 
("Disguise", "Anirudh Ravichander", "Beast BGM (Original Background Score)", "music/Disguise-MassTamilan.dev.mp3", "images/beast-tamil-2022.webp"), 
("Dominic", "Anirudh Ravichander", "Beast BGM (Original Background Score)", "music/Dominic-&-Soldiers-MassTamilan.dev.mp3", "images/beast-tamil-2022.webp"), 
("Dumm Dumm", "Anirudh Ravichander", "Darbar", "music/Dumm-Dumm-MassTamilan.io.mp3", "images/darbar-2019.webp"), 
("Ennodu Nee Irundhal (Reprise)", "A.R.Rahman", "I", "music/Ennodu-Nee-Irundhal-Reprise.mp3", "images/i-movie.webp"), 
("Ennodu Nee Irundhal", "A.R.Rahman", "I", "music/Ennodu-Nee-Irundhal.mp3", "images/i-movie.webp"), 
("Glimpse of Antony Das", "Anirudh Ravichander", "Leo", "music/Glimpse-of-Antony-Das-MassTamilan.dev.mp3", "images/leo-tamil-2023-i-m-scared.webp"), 
("Glimpse of Harold Das", "Anirudh Ravichander", "Leo", "music/Glimpse-of-Harold-Das-MassTamilan.dev.mp3", "images/leo-tamil-2023-i-m-scared.webp"), 
("Hey Raja (Oh Supernova)", "Harris Jayaraj", "Ayan", "music/Hey-Raja-Oh-Supernova.mp3", "images/ayan.webp"), 
("Hi Sonna Pothum", "Hiphop Tamizha", "Comali", "music/Hi-Sonna-Pothum-MassTamilan.org.mp3", "images/comali-2019.webp"), 
("Hijacked", "Anirudh Ravichander", "Beast BGM (Original Background Score)", "music/Hijacked-MassTamilan.dev.mp3", "images/beast-tamil-2022.webp"),
("Honey Honey", "Harris Jayaraj", "Ayan", "music/Honey-Honey.mp3", "images/ayan.webp"),
("Hukum", "Anirudh Ravichander", "Jailer", "music/Hukum---Thalaivar-Alappara-MassTamilan.dev.mp3", "images/jailer-tamil-2023.webp"),
("I", "Anirudh Ravichander", "Leo (Additional Songs)", "music/I'm-Scared-MassTamilan.dev.mp3", "images/leo-tamil-2023-i-m-scared.webp"),
("I", "Anirudh Ravichander", "Master OST (Original Background Scores)", "music/I'm-Waiting-MassTamilan.io.mp3", "images/master-a tamil-2021.webp"),
("Idharkuthaan", "A.R.Rahman", "Bigil", "music/Idharkuthaan-MassTamilan.io.mp3", "images/bigil-2019.webp"),
("Idhudhaan En Kadhai", "A.R.Rahman", "Galatta Kalyaanam", "music/Idhudhaan-En-Kadhai-MassTamilan.fm.mp3", "images/galatta-kalyaanam-tamil-2021.webp"),
("Interval Fight", "Anirudh Ravichander", "Master OST (Original Background Scores)", "music/Interval-Fight-MassTamilan.io.mp3", "images/master-a tamil-2021.webp"),
("Intro Fight", "Anirudh Ravichander", "Beast BGM (Original Background Score)", "music/Intro-Fight-MassTamilan.dev.mp3", "images/beast-tamil-2022.webp");

CREATE TABLE users(
    id int NOT NULL AUTO_INCREMENT,
    username varchar(50) NOT NULL,
    password varchar(50) NOT NULL,
    PRIMARY KEY(id)
) ENGINE=InnoDB DEFAULT CHARSET=utf8mb4;

COMMIT;